Nelamangala,1
Bangalore,1
Yelahanka,1
Yelahanka,1
Bangalore,1
Bangalore,1
Bangalore,1
Bangalore,1
Bangalore,1
Bangalore,1
Bangalore,1
Bangalore,1
Bangalore,1
Bangalore,1
Bangalore,1
Bangalore,1
Bangalore,1
Bangalore,1
Bangalore,1
Bangalore,1
Bangalore,1
Bangalore,1
Bangalore,1
Hoskote,1
Bangalore,1
Hoskote,1
Hoskote,1
Hoskote,1
Hoskote,1
Hoskote,1
Hoskote,1
Hoskote,1
Hoskote,1
Hoskote,1
Hoskote,1
Hoskote,1
Hoskote,1
Hoskote,1
Hoskote,1
Hoskote,1
Dasarahalli,1
Dasarahalli,1
Dasarahalli,1
Hoskote,1
Hoskote,1
Hoskote,1
